Fairbanks_Bill_Fairbanks_002@godsavethequeen.lol
Smith_John_Smith_003@godsavethequeen.lol
Oswald_Clara_Oswald_004@godsavethequeen.lol
Jones_Harriot_Jones_005@godsavethequeen.lol
Trevelyan_Alec_Trevelyan_006@godsavethequeen.lol
Bond_James_Bond_007@godsavethequeen.lol
Timothy_Bill_Timothy_008@godsavethequeen.lol